id,prediction
13904,95.32285437816307
13905,277.09108213477145
13906,-60.19608917934753
13907,-130.84977148185777
13908,428.32775436826824
13909,-108.5003446745356
13910,302.3182013278507
13911,-61.903522025590725
13912,113.80123604026633
13913,368.6168845843098
13914,-168.3797915534127
13915,-139.05121897300228
13916,95.21466495170321
13917,-123.61663948041209
13918,230.37394395337512
13919,-137.2278107274426
13920,-47.814409298556505
13921,272.7209137412615
13922,384.201005240114
13923,-218.8720732236796
13924,-176.21345078493707
13925,-206.99172160267622
13926,133.94827976008392
13927,293.5890248894626
13928,80.63212829876966
13929,-97.1538385277104
13930,209.1081805561895
13931,-113.43182112921258
13932,-140.40489181644108
13933,183.51485658510623
13934,87.34584016187188
13935,172.5342231178254
13936,-55.50617397271321
13937,265.2846185854541
13938,152.68190858167438
13939,447.5220046205551
13940,246.7203711220616
13941,-129.1804847458894
13942,374.83387575316175
13943,320.98590832905796
13944,8.439722063559344
13945,-96.48777627376899
13946,-168.82814924146803
13947,-59.93475797095486
13948,97.38250781121752
13949,-31.464095954499328
13950,-30.672213115405107
13951,-148.78756975655438
13952,86.18927231310747
13953,271.47276488859205
13954,-21.11360693736755
13955,87.77283596469636
13956,6.0924791019658855
13957,106.62264094513296
13958,301.7943988804539
13959,381.77076450440524
13960,52.240964227426964
13961,424.3668719540586
13962,229.47071611969287
13963,85.83656116074792
13964,347.3737539674705
13965,372.92646733257993
13966,265.5170961657397
13967,144.18003563573922
13968,378.6449852256325
13969,74.58768165219323
13970,163.1779273620195
13971,-158.07242194463856
13972,-54.44364285832173
13973,328.7455735698294
13974,32.73526079768526
13975,117.15681358624872
13976,274.64302772431836
13977,182.1917162380928
13978,-140.82101749162257
13979,-40.67185629489557
13980,457.3670649287443
13981,359.6374628177989
13982,154.05432483389663
13983,188.71848029080357
13984,202.10421979137885
13985,-5.585436569599259
13986,-150.69718228634207
13987,303.6513407311691
13988,-10.145963157708529
13989,365.97866013253537
13990,108.68587850285996
13991,212.35884883074777
13992,-132.99775612492613
13993,403.50913138299234
13994,-2.9865030657922933
13995,-50.673868387072
13996,-105.76627396232888
13997,346.3515700460347
13998,223.5193638721762
13999,244.23104014567022
14000,414.3157810162924
14001,-122.8170911967847
14002,223.07317640808802
14003,197.00642853539065
14004,-157.7058754373394
14005,121.63002240785477
14006,-80.52770496657647
14007,-32.72351501106306
14008,242.51397000088213
14009,-112.54355107412755
14010,-134.79610443840545
14011,-21.30128217093084
14012,-153.9598031866436
14013,39.04678732358957
14014,-50.490224070858204
14015,281.4463850384341
14016,90.09002696379576
14017,8.834467874023904
14018,110.49554427510927
14019,37.62101570512442
14020,-140.73657160058517
14021,-74.36125152247776
14022,193.12704640070055
14023,331.0924303980764
14024,282.4588674637895
14025,-60.060735648478556
14026,434.3191721582383
14027,174.02427623877284
14028,103.78687029187901
14029,-235.98698321030085
14030,382.49602009812736
14031,-97.94379272558587
14032,-10.454389007270162
14033,392.14801552306545
14034,-172.8791666310485
14035,421.15407301766595
14036,162.59121111309634
14037,289.077226930908
14038,33.969968848683486
14039,380.4068041889479
14040,292.5026447093389
14041,69.09314968492427
14042,-225.47081910311076
14043,-37.198183126050026
14044,99.302625881132
14045,453.6473287818485
14046,392.98151229934115
14047,-29.756345826931828
14048,-194.07490758218816
14049,414.90868174715223
14050,327.5306154573667
14051,-81.95414715490833
14052,101.64771135243484
14053,213.91733638003728
14054,435.2531060903662
14055,-12.92245118538543
14056,165.52941313990814
14057,-52.33213114254848
14058,221.5571917953626
14059,-122.69315429624183
14060,310.7273863512706
14061,-81.43634983169727
14062,173.64462373427605
14063,170.4552471046489
14064,138.52426113400307
14065,93.00239720127348
14066,-100.14925062071225
14067,414.3696295606993
14068,51.54743203179641
14069,-126.2927779194832
14070,56.42481424357775
14071,-168.5043720605813
14072,-141.33065876327566
14073,49.33212529269264
14074,-122.90515595509464
14075,250.9889530677381
14076,238.07272798433212
14077,173.8374578671037
14078,316.55719886041635
14079,-57.63177963611799
14080,12.035462824037356
14081,-95.99042364916241
14082,328.313571853691
14083,228.27579468637313
14084,229.37982482680147
14085,338.37207634913545
14086,452.591664266058
14087,-105.7917749048022
14088,396.1314706967477
14089,-76.81805594198852
14090,235.84176036859608
14091,167.40819465802002
14092,292.78886735199455
14093,334.55726074419186
14094,-56.03227252474407
14095,189.92446935549222
14096,285.5578487760637
14097,201.28888282560442
14098,23.615923101764658
14099,-88.41939576722754
14100,233.33450350222645
14101,204.90976158486885
14102,416.3378992924848
14103,347.7232473880827
14104,334.56776790859755
14105,370.87057680598184
14106,-114.25654996148054
14107,-40.70071723855442
14108,42.97673103733215
14109,-82.53126298920398
14110,260.36305183197817
14111,-145.09783679259093
14112,-80.36589107950451
14113,-182.6771896955611
14114,45.00771255250885
14115,-166.78972620156858
14116,-48.090698361283934
14117,415.50803852866244
14118,180.58744073575693
14119,-172.3919322199409
14120,-202.547219409698
14121,-102.3048916849032
14122,-62.93566508279976
14123,251.64556458920848
14124,277.2982779137598
14125,270.32226941860483
14126,-75.34601749212837
14127,318.68900560567243
14128,151.90968804721456
14129,340.94998213317746
14130,412.3874617642801
14131,332.00757723906577
14132,202.67544821667283
14133,380.4820035742999
14134,88.78548621271236
14135,406.5476080259797
14136,266.04004581848693
14137,-88.99922326995383
14138,296.097439533781
14139,39.19065780373044
14140,29.248304628083268
14141,-203.280737876074
14142,303.57666390530835
14143,156.23744017999667
14144,362.02506370408975
14145,-122.96838025825159
14146,132.76118587105935
14147,-179.9665575925746
14148,326.8257507647908
14149,313.5359868547566
14150,-185.65730682504028
14151,9.046272945527615
14152,-78.9471974369321
14153,449.3234659183424
14154,166.95545671045195
14155,-4.282074472944245
14156,118.08302854769735
14157,-69.93297690341586
14158,359.26506282278683
14159,38.72448059431681
14160,437.16323623907357
14161,53.53016517248408
14162,91.59728040948184
14163,9.306416907453361
14164,283.62221948204217
14165,177.2522707038993
14166,-189.94898281026454
14167,4.758593535596479
14168,-154.77178476305522
14169,-143.20034782063914
14170,95.14052294462823
14171,75.88919476319549
14172,-44.187683696503925
14173,-79.20481375418518
14174,452.20360471549515
14175,115.36706674094518
14176,107.83187562044029
14177,102.69720221807165
14178,233.4577085567511
14179,228.3492792266182
14180,-229.3221539201896
14181,99.62504457869181
14182,186.71317618360027
14183,352.5227941476384
14184,4.772853695640009
14185,46.61126085541377
14186,451.2993908507148
14187,-49.4245665326234
14188,-80.8779317323854
14189,-56.66881668119731
14190,223.62584187117596
14191,262.32908822306007
14192,87.58920213060313
14193,-181.75718084741086
14194,-82.00100582245199
14195,218.5301803296924
14196,-92.19718233257063
14197,40.934951341857385
14198,217.2141967517588
14199,60.104380650601776
14200,160.08463315918974
14201,390.3620646495329
14202,79.00298683199131
14203,-191.401151922777
14204,274.96981719481937
14205,179.73440408334426
14206,384.11308634353605
14207,106.69092669592158
14208,138.05872491007045
14209,171.24627867736282
14210,-111.33959860314795
14211,-39.9124537780429
14212,-36.55849369023832
14213,366.5510845728332
14214,258.5135478561101
14215,-153.04970921247562
14216,111.82385313050665
14217,356.11793976265136
14218,134.0917929869879
14219,-88.7394107925997
14220,-168.82164761896584
14221,-4.244223830593299
14222,-80.22402828802257
14223,303.97879195888066
14224,197.75909134172358
14225,289.27654731407017
14226,-146.99154015145007
14227,270.3856529481523
14228,239.1976571511137
14229,251.6293289252047
14230,121.25271129271775
14231,-20.204655630697502
14232,270.9512086944944
14233,136.08909962544317
14234,-52.11802528983358
14235,238.27916584246705
14236,437.8241869824414
14237,403.387384205116
14238,-35.70561353191855
14239,197.79115668558288
14240,160.00348634625306
14241,228.6781927274786
14242,-114.87858635301077
14243,-87.3476438036713
14244,19.278237564721316
14245,111.25005691697476
14246,118.42471897783551
14247,42.56786229860596
14248,-82.50043434318323
14249,-135.33913398982045
14250,-159.89261973629536
14251,39.25821844176525
14252,-85.33548968559882
14253,141.36226198014813
14254,-184.41715090547535
14255,183.420311196008
14256,42.45747188569894
14257,17.073548045331776
14258,167.85912230951354
14259,-159.34658545533165
14260,-203.84234931236972
14261,-162.02556758446144
14262,106.66821562878278
14263,312.8161505803879
14264,-154.82070724684465
14265,306.14946452231175
14266,242.41215969842727
14267,116.45878023459107
14268,184.86016357680478
14269,343.03113392650926
14270,57.81955870177392
14271,-81.21887287989699
14272,341.87539383062426
14273,329.91318993036765
14274,299.59424673106713
14275,412.77723444647904
14276,387.62043206659996
14277,-147.7176647422579
14278,-48.97716215317301
14279,321.7794330814868
14280,-40.87065058144502
14281,6.2500634106454775
14282,-148.60410672984153
14283,208.9068920099422
14284,267.61186375961506
14285,248.10742843222422
14286,335.25228389661186
14287,-175.35021971250706
14288,77.94660376876305
14289,-100.49861228498887
14290,-149.85415693365317
14291,184.9787324708194
14292,-73.21477584170378
14293,379.8198335257124
14294,267.0769238546409
14295,230.10536279789068
14296,21.960943880520418
14297,90.82530377507024
14298,329.9968955127512
14299,183.46540183833585
14300,114.89215385120715
14301,232.27529997592526
14302,-4.037902628554942
14303,191.66066948483828
14304,355.02437779871264
14305,-154.44841431859228
14306,-62.74561679100468
14307,419.65324301456053
14308,-32.36412480858678
14309,176.67761873542926
14310,-168.00398443082608
14311,-156.9056054158518
14312,54.533178996560146
14313,297.2144100712186
14314,385.1817241683395
14315,-28.20464243930142
14316,266.1433485602964
14317,387.5092154511402
14318,-83.178707082264
14319,-63.686390061449124
14320,19.104100522914752
14321,-16.75059855325791
14322,370.80369419787814
14323,216.0792952715456
14324,326.7858104014832
14325,68.59698872541082
14326,-90.58363064787142
14327,-101.42263237212629
14328,-41.82040442391466
14329,139.92852804566135
14330,88.4515630016219
14331,98.48309187293506
14332,-93.02600874636451
14333,382.76037707146696
14334,404.4699314554606
14335,-173.83504495300636
14336,335.3445364547385
14337,187.69967017063817
14338,365.8199334311638
14339,-198.17453719121028
14340,411.0709572367339
14341,124.60506206104219
14342,-139.0164841147907
14343,317.50313480737077
14344,-5.709402577066889
14345,161.58436595398473
14346,265.89214234309196
14347,300.14079752480814
14348,-71.34726472997295
14349,-66.33998290770796
14350,347.2395708773463
14351,192.52772997037235
14352,242.5817687304041
14353,175.98746408736494
14354,398.2378835272167
14355,-65.45029095027434
14356,-162.90149612815105
14357,-163.8863172488165
14358,2.5527087552646286
14359,293.1245138477838
14360,114.40905643363791
14361,-157.7223167287237
14362,117.60600960711221
14363,298.9351275974501
14364,335.15210682740064
14365,383.5976306344628
14366,156.36778673185844
14367,110.65719581818871
14368,293.8688089947045
14369,-140.91506688171629
14370,255.31500063140183
14371,117.48620201929594
14372,-97.78359205812654
14373,144.03063683618043
14374,420.7132821305003
14375,41.36316753771599
14376,113.59617377639904
14377,57.54131158551541
14378,310.6742284915952
14379,221.30012128838516
14380,-27.40270175206559
14381,-143.84894437310598
14382,336.1871349737487
14383,470.73603648247763
14384,-153.4775941400688
14385,266.75319689183084
14386,-226.55957038044897
14387,-7.519439925728232
14388,287.6712020123402
14389,81.88319823276242
14390,-124.27812123112571
14391,278.88845028401846
14392,374.43476247906057
14393,-109.11691790217455
14394,90.45608470047225
14395,-90.98395902921379
14396,212.33106656014624
14397,-18.49555805431393
14398,195.52892014999733
14399,15.951169095053398
14400,-0.16275638644297352
14401,395.1411245021517
14402,-85.17240623217486
14403,164.7296251616276
14404,379.319728041622
14405,-116.16119915162983
14406,-141.93932720729694
14407,55.35529193790733
14408,-179.62438149522026
14409,102.871957011544
14410,439.3494417241428
14411,-13.952663111217689
14412,54.76952034761147
14413,-49.84580697461806
14414,70.74627165371211
14415,392.41285745291725
14416,444.0857480256428
14417,-97.90102301989248
14418,-119.1395123075724
14419,196.06481797754603
14420,275.2924761154623
14421,-229.23765208299864
14422,104.506456010536
14423,9.154715396953854
14424,226.72580486479137
14425,89.84934204629917
14426,-179.41583546879357
14427,449.6170754526463
14428,391.79892080833594
14429,230.0457465930376
14430,366.8004353620298
14431,24.7645623807812
14432,376.13451925466944
14433,363.97258137789476
14434,-149.21890476400307
14435,37.64785721885471
14436,-164.71873696226473
14437,39.81263478201432
14438,32.010900978802404
14439,112.83080911631538
14440,-85.4653783073033
14441,-47.008696388802015
14442,241.36533074432046
14443,316.95622094501914
14444,-79.97857817209194
14445,48.28655943492846
14446,366.7323784990475
14447,133.44099965765645
14448,20.408775996311164
14449,131.03750998990515
14450,391.8458310533689
14451,167.66588668182663
14452,239.7935541095216
14453,256.0289216738121
14454,420.09161621567824
14455,-4.194427627707324
14456,248.1559923664453
14457,-57.12062612324922
14458,354.575109792768
14459,417.07892481373426
14460,226.73012201122756
14461,139.67081658092582
14462,242.74910408948818
14463,214.69990613981352
14464,291.10443264637456
14465,116.88720341649108
14466,27.295645190586022
14467,448.01034530985316
14468,84.77022417664267
14469,390.2452781509197
14470,334.3410066341409
14471,49.920027075795836
14472,470.1390586856276
14473,-132.01558428632507
14474,41.216502655769474
14475,264.2144040443932
14476,109.84452091062613
14477,-211.03548235051534
14478,-29.186640011805505
14479,360.8248620771389
14480,54.74169998165697
14481,-153.64362872915137
14482,335.05918909362066
14483,-62.81450945105019
14484,16.14843397082544
14485,292.89392525422727
14486,336.9291353372638
14487,286.0769215754931
14488,-53.392576487428634
14489,86.20744905222196
14490,425.7362244852992
14491,409.7149488576154
14492,-215.6688284160437
14493,307.94844607140243
14494,-120.74419477589271
14495,440.76200584746204
14496,-165.91224621763718
14497,-173.7964648280946
14498,320.563302101216
14499,-2.3792489044842267
14500,314.5565040642128
14501,-1.9681852187986308
14502,10.85307764452116
14503,236.15020870876654
14504,37.103829502560465
14505,272.88545857587536
14506,366.0494286534601
14507,248.74434435966785
14508,277.6658877460295
14509,-138.50932743280367
14510,443.3230917355567
14511,76.15540051416826
14512,248.0066436853679
14513,338.1335138101167
14514,301.03026632560324
14515,-66.18065934945562
14516,-120.47699821257319
14517,287.92416259230515
14518,-139.9616756698117
14519,254.72987098555367
14520,196.41083576474986
14521,49.257447338585386
14522,355.66865235316783
14523,4.592910341906482
14524,-59.49507094857129
14525,153.52383145649046
14526,61.16529996138045
14527,368.2129580236847
14528,388.7652509509033
14529,131.6340339532475
14530,37.23512594756912
14531,66.75535602454875
14532,72.23452008661951
14533,39.55318058468236
14534,-116.92552227555262
14535,1.2952833246523117
14536,330.3520209352364
14537,285.4093337471717
14538,189.56241983528892
14539,310.8616639998578
14540,-102.49716887376917
14541,354.04297235347235
14542,203.5270836655656
14543,-44.61310158223319
14544,300.8444658225288
14545,70.18560728658326
14546,35.59709765157906
14547,-81.27422744278508
14548,387.2884689663227
14549,200.12230786569762
14550,-92.25524418068488
14551,110.37268046725762
14552,339.4215105074536
14553,391.5449175688476
14554,301.13198098270215
14555,149.57234859985164
14556,438.85361221143637
14557,-87.03671506395372
14558,149.1782997075506
14559,167.95303762767864
14560,188.75349665616372
14561,122.48769852139017
14562,302.96092767865684
14563,298.87865892820565
14564,370.0919189405707
14565,144.89816622263496
14566,232.4844080645422
14567,-127.4845110197281
14568,412.858955614593
14569,414.5185584188804
14570,285.1896268425579
14571,125.98811597455901
14572,361.39035619997816
14573,-121.81213416499713
14574,-219.505302334624
14575,186.8383061494105
14576,24.48465252039763
14577,130.50772106662498
14578,-41.47165981994674
14579,-76.34416602708623
14580,251.27205670908646
14581,22.66594890101446
14582,-16.39204368115655
14583,266.7786156407201
14584,284.6509637317513
14585,-103.24633070724676
14586,270.07933509659136
14587,124.6895721761326
14588,143.14892225987245
14589,223.12295367428104
14590,174.29139684535872
14591,119.3080149463315
14592,-41.512206937960315
14593,-144.3982001421952
14594,185.5264458757511
14595,445.5983565598963
14596,419.5064978658656
14597,234.7779603491451
14598,308.02977812037494
14599,222.0936682336982
14600,370.526262744454
14601,310.7265938711303
14602,53.29334091460043
14603,-45.37674630963541
14604,-103.91701409547323
14605,66.96042377491841
14606,385.68661451179327
14607,467.6061431756312
14608,100.9078795601699
14609,374.72418461229074
14610,400.31099915970333
14611,90.5657597599959
14612,151.7728641805957
14613,141.6193912983121
14614,244.5511758425737
14615,418.2655953201399
14616,251.36555257067963
14617,204.69856666555322
14618,-10.286254238589834
14619,249.16255290784412
14620,318.6321936286101
14621,-158.00507379251437
14622,143.7517588886492
14623,89.5413850526387
14624,152.36159299540606
14625,-100.72983092723211
14626,-141.62703277387183
14627,-88.8245147523433
14628,222.42037917272089
14629,106.4584948490693
14630,-193.05539679345648
14631,305.52699357428867
14632,73.7166964947829
14633,-184.38626517402344
14634,-0.3584066259400185
14635,-18.332665690383614
14636,72.6060783484586
14637,414.4586414309533
14638,-11.11918736055111
14639,219.27671484382995
14640,30.62279067690283
14641,356.79428625053885
14642,256.8601013606061
14643,449.0556848120534
14644,-89.68373457927035
14645,277.5903346181217
14646,246.38613130866062
14647,-20.00928956466501
14648,215.67577820216152
14649,268.7811832979181
14650,-86.78929217841451
14651,57.701429120814446
14652,324.78818756591
14653,-20.416758331564267
14654,22.13465827149588
14655,146.3908166592366
14656,168.68335478689377
14657,230.12687258550594
14658,196.44594495988324
14659,-63.267365328802796
14660,304.06146188362436
14661,361.0115597882991
14662,4.294931462783733
14663,123.21332732121442
14664,118.33215568222778
14665,-106.33861936340372
14666,-2.677920941807182
14667,373.30338023217575
14668,73.23090868834038
14669,319.58884938267096
14670,-26.499487146767095
14671,-97.24209534887964
14672,-59.777187703571464
14673,52.63710312881967
14674,279.2168379792654
14675,241.73675071727519
14676,391.53543616247447
14677,219.57219658749966
14678,-177.07036639022576
14679,-36.63181804165558
14680,217.1659087395936
14681,174.29477484975698
14682,160.97516147062726
14683,348.4526320129966
14684,-126.16546164943867
14685,289.42631312924357
14686,246.7487284571857
14687,351.4862513314817
14688,385.94108804637216
14689,258.5062419373828
14690,43.04232295240398
14691,460.5572808625406
14692,-48.62319436880039
14693,344.9966475043855
14694,-20.561293444127443
14695,2.3156882140094552
14696,413.97454804671787
14697,-23.73869620241493
14698,227.19814778749495
14699,82.4133201600711
14700,43.94056180312604
14701,-200.8180920703097
14702,237.00476138569226
14703,-16.518517884192946
14704,339.2710318612889
14705,141.2863465781779
14706,286.63233857228187
14707,58.331900210960534
14708,-25.203639198572443
14709,236.97126256207972
14710,5.681921318061708
14711,5.360853126868562
14712,-178.74041102081594
14713,406.7645335220349
14714,-21.193389820473477
14715,378.2789570648455
14716,127.46545988221663
14717,210.87410825649226
14718,341.4380475600208
14719,-198.6526892876853
14720,262.44849171617835
14721,305.8722568921874
14722,-76.8839967328019
14723,451.9687691586817
14724,191.87757923970398
14725,-145.5533329888589
14726,327.6354014619878
14727,434.66825210380966
14728,-21.571008835543182
14729,345.26608788851354
14730,-6.82502873695379
14731,234.7046988592725
14732,-126.90798288691758
14733,270.8897530661616
14734,-77.08691846182728
14735,229.4741908315825
14736,484.62165709927854
14737,71.742784407962
14738,-126.39590582588954
14739,247.26296310139614
14740,-58.847197901230444
14741,389.91526963329903
14742,37.56749737452424
14743,95.08477959415518
14744,9.547011313033252
14745,388.83115955361546
14746,168.7479729670023
14747,280.8248300180517
14748,76.72706927360943
14749,9.206525892983866
14750,-33.34087116532906
14751,422.28820925745805
14752,175.48655619769968
14753,-106.09918194347708
14754,-30.757831227276455
14755,311.5106277152483
14756,93.68811416113698
14757,114.38526429063418
14758,464.9566202754081
14759,343.91734806418634
14760,-32.51201822104085
14761,217.95714336323474
14762,105.5529753368495
14763,442.8928633774277
14764,-8.44603715896692
14765,351.16146862962955
14766,156.50126744345414
14767,248.96973229254556
14768,-150.81513845606224
14769,184.17323475587003
14770,275.9382878757018
14771,15.896216325858678
14772,-130.40720290104494
14773,348.90808342356803
14774,207.6170443409372
14775,123.44307696466024
14776,175.97711990863803
14777,346.208857813187
14778,173.83941639232694
14779,-130.73379809029854
14780,56.85066440999267
14781,140.84872335288958
14782,-43.930501602086025
14783,147.84883489634234
14784,76.09159680790549
14785,206.63739397261844
14786,-50.19446973331884
14787,-80.18100262470466
14788,189.47904687160957
14789,-125.00837286543717
14790,243.85074958918662
14791,318.75186342160004
14792,42.43416261395209
14793,229.4587931015998
14794,380.08329237997543
14795,436.37065262932197
14796,166.04745376046927
14797,-26.62085558988145
14798,21.917198430270567
14799,357.70179849775303
14800,-45.64959445342235
14801,467.9407074868738
14802,250.24770874196955
14803,19.538786934222646
14804,284.573074221786
14805,-87.76090820526585
14806,97.26900769152724
14807,126.90488099553482
14808,-25.424435730445623
14809,-12.263719331055341
14810,71.77873363139693
14811,28.719617239082446
14812,114.86420357490525
14813,-12.282541380893587
14814,4.2619836572230945
14815,185.39800106832385
14816,21.569824073744947
14817,341.00942126037796
14818,372.5415220000809
14819,249.2051394232462
14820,30.93164663299975
14821,-110.1255876052987
14822,-18.855251298860885
14823,56.64740644070191
14824,213.38093934799568
14825,188.7217451637671
14826,299.78600365175214
14827,117.9336322807506
14828,-117.28125742072396
14829,-91.62423708127693
14830,186.73016432902412
14831,297.74071236112303
14832,-36.657788466175695
14833,-7.40281006915084
14834,-70.94936145287278
14835,272.7844463789458
14836,446.87264560845585
14837,387.2595456779666
14838,189.2337574547031
14839,325.47799449282957
14840,406.8773627392406
14841,40.13981705658557
14842,387.9554054610825
14843,354.87033766339346
14844,422.6349806442182
14845,263.8555811887829
14846,-136.08593773707182
14847,17.64957262291759
14848,-188.61465083341008
14849,-4.320324234450805
14850,69.57571143258824
14851,305.2943673165317
14852,350.0687402806518
14853,30.478374030523298
14854,51.096723638658375
14855,391.6771479266717
14856,-72.99067248056134
14857,-13.962685941964008
14858,-175.58505848159987
14859,23.816895675419097
14860,239.21386014440046
14861,48.41108296124346
14862,272.38394257920885
14863,72.82029889306159
14864,-38.72700859511143
14865,18.433826140705523
14866,-125.11983182372745
14867,336.5943226661795
14868,-134.91172221378375
14869,256.1452754354083
14870,264.07944360919896
14871,301.1923908638665
14872,280.5168299418746
14873,316.8444899785601
14874,463.42931925441144
14875,324.7399159935529
14876,465.79970272349294
14877,66.27546214047484
14878,-194.6440163796208
14879,-29.49115267223859
14880,-6.549280383136735
14881,341.37578265369746
14882,91.75774361467538
14883,130.52437128542982
14884,111.3284364294062
14885,19.27749311628466
14886,-81.14019399310916
14887,155.29940608639262
14888,16.19271625653927
14889,-94.58694216035784
14890,255.81454237252152
14891,425.074176806544
14892,109.07343630538281
14893,350.97089472706824
14894,199.6440276301992
14895,289.11862922335115
14896,3.5882472535922574
14897,448.0050330371945
14898,362.3703725538597
14899,94.70615552156417
14900,258.0750774413629
14901,265.05007281104275
14902,-82.22004741287952
14903,-143.5743483791714
14904,346.43943945063825
14905,47.565911606494254
14906,182.30320755522862
14907,403.5603124815435
14908,-99.53167175193019
14909,-158.5348804415099
14910,19.757654850562062
14911,399.8585208806863
14912,-67.33484003979814
14913,28.83941489893239
14914,187.89514557154249
14915,83.4767927522978
14916,175.42766414384025
14917,-87.60593708366912
14918,355.53175565125946
14919,220.2250211670844
14920,21.565097617324945
14921,379.5234160165885
14922,-135.2129462993007
14923,54.790537678962345
14924,-155.90302792684912
14925,316.6384225047031
14926,382.7645089741287
14927,464.2674666484314
14928,161.51263623701567
14929,-48.46302576678618
14930,210.48168078377043
14931,116.30780034858142
14932,420.2531912835171
14933,359.44344179062307
14934,405.44528446016517
14935,446.43835291337206
14936,-112.13177474249687
14937,130.12901077666325
14938,360.34441482330703
14939,-46.182192537400404
14940,47.37722536993572
14941,-69.85899744843638
14942,340.5302216401453
14943,323.8549587934868
14944,43.23795425640173
14945,59.18758178332558
14946,-167.88489969547078
14947,-52.046522119897865
14948,-108.15474451039711
14949,170.86901862697695
14950,-57.26638186355312
14951,333.96336515502736
14952,239.13570903564914
14953,92.92088199653259
14954,39.814835921959016
14955,112.07142534137142
14956,92.01076347388238
14957,340.556292238803
14958,43.53836114352334
14959,386.9840326757281
14960,93.77469602105174
14961,306.38771174913416
14962,466.6738601434386
14963,182.75604825201927
14964,276.26563565947487
14965,52.71039604022808
14966,153.85569683295662
14967,-86.08255670252674
14968,44.013421581198706
14969,290.54846527479634
14970,199.01304113907779
14971,402.9780116764053
14972,-173.92140687565842
14973,273.6163118327622
14974,-20.93926839907128
14975,441.36150151801644
14976,418.7350557537543
14977,372.0400862569895
14978,303.8086814658891
14979,92.82106638816035
14980,125.3428128083367
14981,-99.56415338371966
14982,238.97912289881407
14983,-48.47217645669156
14984,200.94423679152615
14985,33.21524856165766
14986,106.72289710553471
14987,260.2688535998076
14988,44.329210054822234
14989,-62.44080318164165
14990,16.29032654236105
14991,48.02244760452261
14992,-121.32676850558772
14993,295.2972643171943
14994,-148.43180149253203
14995,434.3106599314949
14996,268.77003096890553
14997,347.7850278188373
14998,271.44490785113305
14999,265.5056629184954
15000,-136.52514340073265
15001,430.4697604891039
15002,223.743873998958
15003,-140.43001170282332
15004,441.7201265349105
15005,110.18505816249657
15006,-87.83732308276575
15007,71.60812530896396
15008,205.45310721461158
15009,150.02671845438985
15010,382.82103396618584
15011,360.5202750464954
15012,82.28641312402635
15013,-78.52243888443451
15014,232.0746930302441
15015,201.43028114973325
15016,214.5151073544441
15017,-189.77490527927566
15018,161.34791607179935
15019,4.1037052206099816
15020,89.07791830796808
15021,374.56338741555805
15022,298.59515099266775
15023,-56.33204816400325
15024,78.99626897027272
15025,219.01266608823883
15026,-60.305372529265576
15027,51.462508898183195
15028,-114.89562229408381
15029,386.1587285674483
15030,16.04439883498921
15031,58.65626801545874
15032,17.485985147534414
15033,229.00967875533968
15034,75.60379781923876
15035,208.59054974918402
15036,215.4596081908658
15037,15.23983180525596
15038,107.31807727215286
15039,419.9338089880676
15040,-49.70597895228384
15041,-133.62160694143338
15042,323.09290904413723
15043,-51.61591393138374
15044,109.79341296108345
15045,-15.25152902377576
15046,10.14020371991143
15047,79.52532994980018
15048,94.26269362518408
15049,177.61180529155595
15050,237.40048291400603
15051,-95.90159154911854
15052,26.97263146896171
15053,388.1482377025144
15054,422.4725088767163
15055,223.32510626516498
15056,-181.35732929428926
15057,-70.70707099417496
15058,-127.11909140618843
15059,-149.48687603861427
15060,-77.92216281782308
15061,332.12043502902054
15062,317.0242115566732
15063,-92.85801201154726
15064,397.5560408934719
15065,86.38271101733145
15066,179.87141034559028
15067,28.270208324713813
15068,-212.8723246821782
15069,-35.88826954146333
15070,353.4014531142581
15071,36.68590588229356
15072,-115.52722719576852
15073,446.8529606161971
15074,-136.4807184745833
15075,250.4149018155754
15076,-109.9462878702299
15077,-132.12600144287663
15078,355.1067207827516
15079,208.8883924727884
15080,284.5054662054071
15081,169.59151887346297
15082,374.1160975960923
15083,-193.3103325518313
15084,-113.50937618065907
15085,106.7019292126613
15086,-140.2541873111217
15087,122.60135875691668
15088,208.76222517923384
15089,-29.72143300056842
15090,297.15928370806415
15091,151.61713134413156
15092,312.1178583852359
15093,-0.23297062903270138
15094,212.291250655668
15095,393.60150817328093
15096,447.2050975084475
15097,234.79142957180338
15098,290.1320700100902
15099,409.32465308618106
15100,375.8884626190519
15101,188.14785731909305
15102,64.64380236217622
15103,212.96309663293272
15104,-19.96805829963001
15105,245.14713436382678
15106,379.4079285034497
15107,414.22917660340426
15108,-83.63768419643023
15109,-42.329851499341224
15110,-121.30490753255626
15111,70.70545027902463
15112,-175.36639366713513
15113,59.64333998967573
15114,20.40300430130162
15115,407.67652107275524
15116,167.80330494613844
15117,277.6096691689492
15118,-85.18945441878677
15119,240.64878421250467
15120,277.4672379938901
15121,386.36540870604955
15122,-72.76522125694926
15123,143.35822773411806
15124,282.785570242756
15125,363.8680323322573
15126,46.77600939452857
15127,449.84528926444915
15128,340.4693873150781
15129,385.750402272131
15130,53.022220806785434
15131,279.8284363682405
15132,7.217006400815361
15133,-56.21084645654023
15134,-99.5808575641584
15135,167.06455040265837
15136,-18.181622938738112
15137,-6.738433409058189
15138,92.69394916616784
15139,-60.16186702565164
15140,-83.54212623118343
15141,210.6025281653379
15142,55.62062192687613
15143,109.62410833138549
15144,70.70312747480014
15145,-181.99758333222738
15146,402.96404163555906
15147,189.410078024617
15148,366.95655306360294
15149,173.01703304681556
15150,234.26761205984144
15151,-162.58731857009988
15152,23.979041273201652
15153,357.7443788991117
15154,-118.50999116567723
15155,229.6829423091639
15156,221.91620369664665
15157,290.87003707975646
15158,24.487531294801798
15159,-36.64990306189503
15160,363.4888057755928
15161,231.82937485319965
15162,35.757986455260564
15163,154.51824163282035
15164,412.47211594940813
15165,146.20559934324754
15166,329.6739603400429
15167,451.113815278988
15168,412.7993828107284
15169,252.3078673362767
15170,-58.80633436369004
15171,230.9019082188488
15172,91.01568367629136
15173,239.13641597872714
15174,-73.72123344663066
15175,-112.34172571540736
15176,59.20092695020684
15177,57.140143326148085
15178,312.1936753785314
15179,96.28729552038766
15180,260.92896295895247
15181,-169.17439251928903
15182,312.5079421088364
15183,370.0449815509943
15184,444.00463281124615
15185,73.01534503466044
15186,380.1721267795071
15187,284.7818194636567
15188,252.92254872261455
15189,191.75141600868955
15190,-138.96346737381955
15191,93.48788845689842
15192,77.0007173462023
15193,233.05701782503445
15194,71.98303659283619
15195,435.871181245196
15196,5.500290373655648
15197,475.6060785897838
15198,-56.781664979011225
15199,147.4692726414361
15200,438.04133837422455
15201,289.91424008005276
15202,16.53115093100403
15203,127.30129738205756
15204,-90.83837862685994
15205,44.87089686268345
15206,151.0333124076972
15207,184.28622551806546
15208,-3.954489816815549
15209,199.51771651558775
15210,-40.44464674557847
15211,196.26387754367377
15212,330.70696750068794
15213,139.2476482815001
15214,261.84497311184487
15215,-84.11408506269763
15216,-18.834261914827785
15217,-184.83446805899592
15218,76.20474878244295
15219,443.82844216954163
15220,-133.96695161940696
15221,88.08183966522472
15222,173.92108142906253
15223,74.60120576556034
15224,276.746677905367
15225,173.24866851991482
15226,-159.15519862766695
15227,256.6943487477131
15228,52.302593372340674
15229,-110.03160465978664
15230,320.3983157637375
15231,408.1221000576955
15232,-149.87229081231484
15233,421.22621939667147
15234,88.79599760448318
15235,-124.68775197415616
15236,-130.36098813954183
15237,-53.590993262735715
15238,171.33907757929367
15239,-116.19358997303516
15240,-20.81627359108132
15241,402.6595144843721
15242,286.8471868700922
15243,40.136896906841045
15244,453.82736055551186
15245,-98.88062352385234
15246,-95.40677956608693
15247,5.43769514298484
15248,218.2872163407672
15249,427.4232664524704
15250,65.88358638733715
15251,-111.95027063859473
15252,150.11929422620693
15253,453.2627638374498
15254,171.1652886655495
15255,288.3073642537331
15256,319.9116302779519
15257,457.8063479915091
15258,330.28952537385914
15259,33.16424250185634
15260,-3.844131513712018
15261,118.17705909758655
15262,227.44624478024966
15263,188.78088228214898
15264,-54.975476201357104
15265,117.79876705640876
15266,-101.14848463998581
15267,285.07180385420605
15268,-41.8903532463316
15269,281.93340655197323
15270,-88.49801967174506
15271,46.99702861129607
15272,314.4522194978078
15273,402.3182237480634
15274,-79.31203725904129
15275,-138.31166907186375
15276,207.79614462927455
15277,-178.9859550723196
15278,-35.25504752288926
15279,29.56703194282909
15280,295.0135777411445
15281,-138.05667522422362
15282,87.38796008933497
15283,2.932544149868363
15284,-16.284753507440787
15285,153.05122208117155
15286,426.51151972755355
15287,267.08114400155057
15288,427.88212348013184
15289,32.57246428392426
15290,301.599994391443
15291,291.3652065537168
15292,92.45663780026797
15293,-128.01963168516554
15294,98.01282640319613
15295,191.80275808958663
15296,29.22312189224703
15297,75.59714427173111
15298,237.7676983022664
15299,181.8462623618289
15300,102.74251159151856
15301,229.85194924589595
15302,289.57438275337165
15303,242.10114653692048
15304,85.22668543148373
15305,93.95946143671881
15306,355.7198823543901
15307,408.16154462217247
15308,-34.12667295566428
15309,196.4995873555695
15310,216.1999623391842
15311,371.43339134566946
15312,229.5643233008878
15313,354.1088959788597
15314,112.34752313731317
15315,-66.38025080002492
15316,311.96031676627234
15317,446.29132504954055
15318,364.41527141053604
15319,-109.29551629456867
15320,447.69572626244303
15321,52.468589423277244
15322,-73.61506246665724
15323,479.0312811604168
15324,42.798658009424464
15325,349.0958179890104
15326,137.90503108464068
15327,299.74490740546935
15328,257.15710624488196
15329,481.62051201302944
15330,75.30352453464454
15331,143.59821115977647
15332,276.7938423233424
15333,14.883656637340938
15334,-105.17451576249175
15335,414.97591605225875
15336,-102.87180226982076
15337,175.45640145853142
15338,-8.176155988309212
15339,493.23782775724726
15340,320.84348396876595
15341,193.4150483984973
15342,-105.89864618783864
15343,366.3184945645562
15344,279.95274314471334
15345,337.36565242211066
15346,-63.785996229042745
15347,295.5022887103278
15348,-75.51783202530038
15349,6.235324448294403
15350,-95.88269419658991
15351,113.26141264712476
15352,-111.03489815020137
15353,-147.13250337416184
15354,-145.9819348767274
15355,54.7446380787411
15356,-51.14054276270301
15357,-36.83184725644758
15358,-91.13093817091425
15359,242.6518966849091
15360,435.3633833981902
15361,361.02108642059983
15362,273.0817946250005
15363,-58.33311339761442
15364,109.24484736405623
15365,140.13248249290075
15366,173.16449383723958
15367,468.86659304501785
15368,68.28209811742587
15369,19.245250514604933
15370,335.7690405687483
15371,-122.15595711425377
15372,472.1508950854816
15373,364.3265496787652
15374,38.83998085304402
15375,-101.85683449542537
15376,433.13443316332985
15377,-48.64359259830131
15378,122.27264223363454
15379,-86.26148860978944
15380,429.7353346230188
15381,-72.41337620340335
15382,459.2037907249496
15383,397.8812704385382
15384,330.623533190569
15385,376.0965371736717
15386,98.15598073880872
15387,372.084666847207
15388,97.555534675774
15389,62.754063205929775
15390,113.51104950948357
15391,-56.609332898311486
15392,38.24443129320262
15393,-10.724552485680647
15394,-15.91390931007188
15395,-117.40308207495877
15396,-22.283109127649084
15397,269.6381887289433
15398,143.00920242443038
15399,382.44873465162965
15400,382.2031605130518
15401,184.04986275198547
15402,200.25445748123204
15403,83.8721936416124
15404,-136.486535207767
15405,-178.59844247456996
15406,-170.15484095923688
15407,218.93100334726853
15408,-0.8399674365919374
15409,365.309297100454
15410,443.6748471449433
15411,-76.02233743290321
15412,94.38044457366979
15413,254.41460854071047
15414,-103.90240425046122
15415,194.29067036128774
15416,-146.16042839332266
15417,-129.86631861056955
15418,133.04742502099378
15419,192.65974300300337
15420,-103.16612469949183
15421,7.480963174419731
15422,228.0570865681161
15423,-171.22219207771133
15424,135.7659206378832
15425,29.99592638811432
15426,40.888606876246875
15427,20.27331050024982
15428,211.1685919240086
15429,467.08656554325466
15430,89.689213054595
15431,430.1583356266948
15432,-101.95569783631828
15433,389.34597938757446
15434,320.60766107236833
15435,-102.18000015747884
15436,-6.344505874096904
15437,142.44184660600652
15438,-48.598603731755524
15439,211.48224300220508
15440,-134.55451950632892
15441,-190.54338791411075
15442,30.342441185480887
15443,123.48950842251006
15444,-5.974939527916239
15445,-31.298543183806995
15446,431.0463596855288
15447,54.36773979512818
15448,206.73073998057853
15449,258.39511885251085
15450,-63.16649486740519
15451,-74.30637927598585
15452,-29.782210307664144
15453,198.91885163189045
15454,-125.8702771452648
15455,-68.3502658338592
15456,-194.13862075866805
15457,160.12041249041772
15458,288.6139859050922
15459,104.35616630992888
15460,149.56703871692974
15461,199.37840435613384
15462,-163.1873663206617
15463,275.6323376646056
15464,26.905067206057872
15465,-33.742713473795625
15466,296.1248374975924
15467,170.37451086109922
15468,58.96700023518495
15469,457.2094142572525
15470,-48.91079214582795
15471,277.8572345613021
15472,36.87600590375544
15473,-105.33823779127135
15474,-70.74657226328625
15475,-53.6396817239449
15476,322.83347854213326
15477,21.42207894592552
15478,175.71908098349942
15479,-35.682880318122514
15480,43.27657395850894
15481,-109.92382892986677
15482,276.40244367880246
15483,343.8269092683068
15484,357.41201760906654
15485,-142.9210148604241
15486,424.3509739907412
15487,171.95085291476718
15488,198.17196364274213
15489,164.41184200364503
15490,375.22294415896295
15491,425.3232286999268
15492,217.86354932062545
15493,-93.55263180148856
15494,-79.86860366451455
15495,194.9686637736297
15496,-61.945834246653874
15497,133.66739267518457
15498,100.34992382775411
15499,144.4203501966293
15500,-52.41419475075489
15501,110.64503839811758
15502,-49.19961292916181
15503,13.91349911833069
15504,-23.427481389840764
15505,-24.613642721016653
15506,423.7019642776659
15507,320.80365452755376
15508,207.16282717761356
15509,0.9042848141707633
15510,380.10360903160466
15511,306.71966093168317
15512,371.56963545877767
15513,123.59008431442157
15514,19.329139569924696
15515,-53.676740538574904
15516,83.42081545743176
15517,352.6580534184678
15518,7.087426586231828
15519,327.63299806898226
15520,236.35624840627625
15521,-104.80307318521284
15522,163.94473893968896
15523,-11.462944192147086
15524,107.65628128187055
15525,6.711621685899427
15526,-9.897250942840445
15527,195.25787895680867
15528,406.266301974405
15529,1.0595204803388718
15530,259.54030171975455
15531,-50.343613164544564
15532,-164.11821629020372
15533,199.65383609285743
15534,23.830849273345812
15535,50.44110321022458
15536,-34.41009515590622
15537,223.04611174228452
15538,15.660548359689798
15539,262.0687735798154
15540,96.46719903723363
15541,113.30182659433393
15542,-63.24688549186062
15543,248.97723001861792
15544,378.8279946683816
15545,-106.32912249365364
15546,122.60702966252072
15547,-15.033970259824104
15548,-33.17522267280368
15549,25.59665523001746
15550,231.19967337731381
15551,-22.23894338660553
15552,-72.90681149345464
15553,43.87082367344936
15554,253.10537085410155
15555,160.78507171778742
15556,29.307341558429812
15557,207.51854351901176
15558,351.77430989585633
15559,186.9086663500373
15560,-133.5237929577471
15561,295.9193470971281
15562,-124.68418474049241
15563,171.4307184099383
15564,-28.818874038016514
15565,-140.5854206308236
15566,281.7461313385967
15567,154.67425691887692
15568,68.47523063734658
15569,234.64050589893725
15570,466.115470986355
15571,226.4391298615868
15572,-6.43380104199463
15573,-104.0341040584521
15574,169.31372831325476
15575,441.9138371468345
15576,163.54903823925164
15577,308.79152586201866
15578,289.6573475286364
15579,21.534781894207605
15580,-91.64186525924711
15581,-4.366288608372759
15582,-14.37104207132984
15583,229.94960042230625
15584,197.07474744500743
15585,294.87478352562925
15586,92.8272982458613
15587,221.22876678185523
15588,406.98726597832297
15589,311.87241090217873
15590,149.72664972937986
15591,435.75391447587356
15592,-103.93413515043241
15593,491.0956457227124
15594,105.77231266796463
15595,214.77730753627333
15596,282.4591687267266
15597,-11.358452781065184
15598,-174.05118181232984
15599,130.5009442450944
15600,241.31995261500666
15601,153.69049283701233
15602,180.26694392358166
15603,-4.6868580913494196
15604,284.4770501500678
15605,57.86440383491922
15606,171.5525490128089
15607,450.02542213447634
15608,0.2962571060191781
15609,307.69200527975585
15610,240.16199821907747
15611,331.24994614365625
15612,89.34759646904544
15613,279.16884682551444
15614,231.1193345702081
15615,128.20012344719692
15616,441.8879336584281
15617,-89.54097474712279
15618,-105.33984756023622
15619,-102.83823413565375
15620,234.17384381152002
15621,-8.56209197517998
15622,223.38153436386042
15623,167.59313427341814
15624,47.25049792829834
15625,-93.29368491638408
15626,410.31909444453686
15627,434.7155553343742
15628,115.19154259803551
15629,272.8231243891769
15630,-72.58406401370624
15631,419.0268473501884
15632,363.5204363548615
15633,325.2021670326821
15634,-108.5083064669686
15635,-52.9875052998413
15636,-74.29010060891858
15637,123.57941956427405
15638,-101.47556651042538
15639,201.87029680612562
15640,54.64006826831751
15641,-1.2582206393842892
15642,-80.27183831966903
15643,221.5393482949883
15644,-61.256034135363755
15645,480.7477439832647
15646,265.37347532044856
15647,392.95581132801095
15648,-134.75051182465643
15649,25.53508890974087
15650,42.93680310733297
15651,297.97260177144454
15652,376.7531801646307
15653,90.39127480422863
15654,143.23858032494732
15655,399.1694775450057
15656,169.54432605794705
15657,81.05426999125788
15658,434.0167988580546
15659,113.45115036695825
15660,-86.78488683641496
15661,359.48714832101473
15662,113.7761764033257
15663,37.99427843449972
15664,50.250772019002085
15665,316.229471300369
15666,15.611333268566039
15667,68.18012261031345
15668,54.76385511076986
15669,252.74025927092904
15670,396.5159057240816
15671,161.55304242920616
15672,334.39874722548484
15673,359.0927143052211
15674,385.95984193039817
15675,104.76072126127701
15676,414.55679357647193
15677,-19.572212322840855
15678,25.155564934848414
15679,295.52039269908914
15680,369.0317269911726
15681,161.5637519296647
15682,-96.38502919563703
15683,242.92733332430925
15684,158.76488790671942
15685,454.14008581128996
15686,459.6400511707278
15687,230.07816232854253
15688,324.996446398776
15689,358.3196839772726
15690,-115.08234017279122
15691,456.37934889329574
15692,331.000175000736
15693,141.62394988417475
15694,457.2464369168782
15695,178.23106660971348
15696,312.73911027310334
15697,65.96910302172225
15698,277.5257129104604
15699,-30.071505976009835
15700,-185.6810830337359
15701,-29.501297113576573
15702,121.73317419333233
15703,224.46776022713664
15704,439.25471235146586
15705,-11.70536216191505
15706,-19.33808965144725
15707,406.00447283648816
15708,305.3726019035324
15709,-81.32192340712265
15710,-109.66276522418224
15711,285.46659689367755
15712,-40.371896087059426
15713,13.793008824565845
15714,88.93693388881579
15715,135.69645319452724
15716,274.8168625932471
15717,128.1054209918302
15718,89.65218334849274
15719,-29.92408985047516
15720,204.4291732154971
15721,152.49203594899294
15722,140.3356786874979
15723,349.70258861330024
15724,481.3008350788529
15725,387.5600084608708
15726,-73.89205893546182
15727,-41.54935275979205
15728,279.5753004941684
15729,68.27387404943099
15730,211.98613528973064
15731,-84.97619991816859
15732,41.28045526400637
15733,72.33600745660661
15734,314.83320647417844
15735,211.0919314942897
15736,379.42909981724273
15737,397.0080815528629
15738,237.6287530074326
15739,224.24143713738965
15740,-178.45067935511287
15741,251.01209381014948
15742,-37.82576196387356
15743,216.58979286221182
15744,356.3345425624264
15745,187.46062138952857
15746,250.16783387451275
15747,89.03101840011792
15748,-72.44473394371957
15749,163.7605712292969
15750,-147.36221259082538
15751,114.07430402397983
15752,59.81360283809504
15753,353.3189193549156
15754,-96.01402804934861
15755,256.79551245540705
15756,191.74615031442482
15757,-71.27024697226116
15758,75.9668633563125
15759,428.3757368236594
15760,476.0533618547164
15761,117.1746098736945
15762,426.5456650440088
15763,336.5199634546374
15764,327.3763367563129
15765,454.2287051455342
15766,100.07466282610781
15767,-114.82617733961959
15768,497.4909569596962
15769,431.33847648592695
15770,216.25970335132635
15771,1.7988154088541446
15772,255.2439814536705
15773,202.84693395610216
15774,-158.96654167108773
15775,377.2595241284168
15776,-2.128833382627395
15777,441.3102775200418
15778,124.3898258788831
15779,-96.3407853214809
15780,-56.97419868236167
15781,433.79328100412266
15782,57.59346879362145
15783,2.9264883396750605
15784,225.46769025119906
15785,365.143180365744
15786,331.47276136879583
15787,52.28485046225196
15788,470.9799311008232
15789,411.48212650069905
15790,-104.14068008447097
15791,389.77369439572266
15792,16.74945047135654
15793,-37.787318986761974
15794,410.29334225010325
15795,3.8380037921997996
15796,118.10723857169353
15797,394.4135017536994
15798,8.966363488123605
15799,166.0290442473674
15800,327.67425186544364
15801,413.0316656730979
15802,154.65473948237954
15803,-46.09063943591203
15804,288.9909640823931
15805,343.52755965696815
15806,244.75281327541884
15807,250.14975756439262
15808,-134.89522408813158
15809,55.441341727459935
15810,324.3227092919203
15811,185.27175127342343
15812,432.2175601226048
15813,5.011405461314524
15814,77.8873081380429
15815,119.79334112397515
15816,342.25788231091525
15817,300.7687137067731
15818,438.7597139210699
15819,369.38849569847855
15820,-66.5819265829584
15821,87.30217083801793
15822,321.57397487964766
15823,156.11565144811505
15824,152.98195436534175
15825,-171.1095333616733
15826,55.747753652583945
15827,291.27735453832133
15828,336.02067253801283
15829,381.8739700860391
15830,265.10438484290404
15831,-24.190635158044888
15832,-81.75404062878678
15833,258.51489663932523
15834,216.90602121147458
15835,245.88234606546197
15836,-119.45327901204413
15837,341.5358591123195
15838,211.21359941801975
15839,367.58167808787886
15840,356.97303319970837
15841,-82.28393523939721
15842,309.9481654143914
15843,-60.77203480618801
15844,302.4972542609805
15845,159.55637990152348
15846,380.5816810126434
15847,404.5497070604229
15848,344.7993745123874
15849,-55.672456132009565
15850,413.13548064837425
15851,-168.54763230911007
15852,-85.31521788745576
15853,-53.960178320316906
15854,291.29738067241357
15855,-113.39973179271749
15856,-12.126505998712293
15857,-37.966000417201826
15858,432.10203073147466
15859,124.20733547476638
15860,124.41447310702301
15861,65.61414109816585
15862,73.3381544834102
15863,105.64108928961687
15864,60.97959270795568
15865,-125.53755914671538
15866,-165.9214573318399
15867,137.44429567285053
15868,482.96560456496485
15869,-45.29357999259801
15870,-26.390375388754457
15871,464.47579103155385
15872,160.67198594508758
15873,155.46563052518013
15874,179.79802378677059
15875,471.046909928422
15876,48.802885444972624
15877,240.69377429357505
15878,124.27896066299564
15879,43.37222078719134
15880,438.705082449489
15881,-29.446724507373013
15882,78.8389075897905
15883,175.584630105175
15884,87.25336831383694
15885,-133.7986725615177
15886,466.4094815627754
15887,20.545166089529943
15888,155.87803295344855
15889,323.25322995954076
15890,227.82486985322637
15891,-88.60502378356077
15892,206.81690300153633
15893,209.87505819796596
15894,22.504551109307513
15895,-29.70104381629991
15896,407.60848482328214
15897,241.85669012924228
15898,-68.8816695607268
15899,234.8638043671338
15900,188.85728637598464
15901,230.5269988540795
15902,499.4316991505755
15903,255.7835713506436
15904,-174.99898729020535
15905,333.0660259640276
15906,147.99681103662718
15907,-109.92792402273238
15908,77.50411540710883
15909,162.45078006218841
15910,490.85828646781937
15911,197.50261895356587
15912,225.3798385610613
15913,50.84034261076533
15914,298.3778619562298
15915,209.5420339813853
15916,24.88240638392724
15917,260.3071098033609
15918,364.5072265155885
15919,246.23955389687612
15920,103.80281647419011
15921,-7.848987529056073
15922,114.37877877132811
15923,48.431138950834345
15924,202.6986730185577
15925,190.2242044454633
15926,-5.014853277718417
15927,55.37436624730581
15928,449.81909035474655
15929,222.81223138926617
15930,269.1739141155886
15931,394.66727293806514
15932,-126.98101764375465
15933,144.3191734753398
15934,-70.06153451696166
15935,-12.85850316252135
15936,-163.30738727909062
15937,124.97318978540861
15938,-0.5631653189193724
15939,17.456841811061505
15940,40.393809461824496
15941,45.34431219028452
15942,-96.16447652332914
15943,358.159597264844
15944,91.35633381270372
15945,-112.12719628326826
15946,28.645743926325906
15947,-87.40566653070451
15948,-33.38136283964967
15949,-73.08465935781338
15950,62.86312348774012
15951,366.1990956329029
15952,256.98484145009206
15953,-128.3251045353735
15954,253.60970274033016
15955,404.55163772626963
15956,373.41336827575293
15957,384.76224702401447
15958,141.08031836353314
15959,499.0427521501125
15960,319.05311075815257
15961,-31.24191529895029
15962,38.362314972681425
15963,306.0727285354451
15964,291.84541567140894
15965,62.77150604835227
15966,-48.13678730664832
15967,10.804868456842552
15968,277.4492335082776
15969,-170.45050589016822
15970,-90.90815804418165
15971,243.6114049592761
15972,-38.86188218959295
15973,164.32728854263655
15974,265.439897408825
15975,352.2212314197538
15976,-144.02533847128365
15977,-73.14430144134796
15978,201.62363847461944
15979,237.19879600865252
15980,227.30899857097347
15981,-32.02838183125705
15982,188.64355244274765
15983,264.86557700431007
15984,512.2757989998616
15985,1.6262820719562807
15986,171.0901159866728
15987,-76.72145596595144
15988,18.826621506591174
15989,275.14846485596
15990,473.8757757547777
15991,429.2442390989559
15992,146.00229389562784
15993,-33.54995148758235
15994,314.8376773556209
15995,111.0619090382408
15996,128.18172248281098
15997,269.9587094143788
15998,225.29778506068988
15999,26.37152346431386
16000,-121.34243206062729
16001,-27.831977079165803
16002,44.85106414541141
16003,334.90275617803803
16004,404.98603866288636
16005,311.5594136306124
16006,-8.223217287328367
16007,237.592301253935
16008,230.33107805031227
16009,-16.98131155381135
16010,81.07574384810542
16011,-83.725573313793
16012,73.34722385990693
16013,263.53665526572644
16014,52.7799588030857
16015,440.7671241528731
16016,-50.343975827453164
16017,157.1727415224088
16018,-9.947436647630377
16019,165.48441219530199
16020,-127.21351102103992
16021,82.25725357773283
16022,170.971725006808
16023,52.66822290938041
16024,410.94173666230483
16025,488.48170485871196
16026,435.4401148294507
16027,395.7459481202473
16028,412.36483990912154
16029,209.7997253193545
16030,420.2324821730355
16031,517.4906454457387
16032,441.10255126646433
16033,228.0142794179294
16034,367.26133346745087
16035,-16.679270354465434
16036,7.086320309790118
16037,382.24687602455583
16038,-35.120045443074154
16039,169.21446885097347
16040,13.280892841886576
16041,233.56880117944576
16042,196.7265502948362
16043,452.5733210496761
16044,-23.274723234041858
16045,473.6178882394568
16046,87.60243567766591
16047,450.92183609346864
16048,-22.38746822319189
16049,390.4843670779516
16050,-45.89826610641052
16051,258.2301652433404
16052,280.2860117843269
16053,447.90711278317764
16054,466.1498774538855
16055,-92.09480226744208
16056,339.07793761769494
16057,-148.2803610739985
16058,343.1504443574495
16059,-157.21664788342216
16060,-59.23733109786824
16061,208.31493387372063
16062,-32.254278430263696
16063,264.5797291887124
16064,26.233484131968247
16065,123.46559344233526
16066,62.22636001449923
16067,355.9546884681065
16068,75.35040621626806
16069,278.81710105300436
16070,-145.11345474342403
16071,-62.42790916833314
16072,11.638301442291187
16073,327.34056803817464
16074,128.0988645610369
16075,386.29132788308544
16076,-51.34934012242893
16077,147.71678966409897
16078,100.17393522603732
16079,-165.59118925355466
16080,199.6648959583741
16081,423.98538452496786
16082,425.9484312414098
16083,155.7693536517593
16084,79.40455920176441
16085,460.9259855645563
16086,-8.695037693522156
16087,273.8106227962462
16088,-106.73283230783358
16089,-182.5917120827041
16090,329.4244423322729
16091,433.55641783272074
16092,518.7890782642395
16093,68.97069495522598
16094,-71.73827180629218
16095,69.12274649382314
16096,121.89952625890842
16097,-93.79527963861642
16098,451.3169499619758
16099,-50.203229854067565
16100,447.1545011263325
16101,364.8056240708764
16102,304.561795605898
16103,371.61661646662105
16104,200.50147727643827
16105,482.3967340784286
16106,-20.293250923059695
16107,92.95520668615876
16108,50.57309701319208
16109,181.00765911746663
16110,319.1622939969283
16111,183.97747306709294
16112,-80.73142273775963
16113,410.97189081877576
16114,179.6520894133112
16115,70.78838249772505
16116,-94.24914822555374
16117,360.0346570962359
16118,344.2947133854272
16119,-119.57345189491778
16120,101.79386183253297
16121,140.20496446196796
16122,-133.51549732925
16123,462.27116483980734
16124,279.1394789645958
16125,446.394713496378
16126,415.62336701091783
16127,386.80453772153624
16128,272.04832093605677
16129,251.58876979571502
16130,213.13274888997094
16131,54.177215587543024
16132,389.234429447113
16133,87.71441041106888
16134,-80.15505201268135
16135,281.19024053623616
16136,-6.621478410257659
16137,392.2792065706373
16138,174.52184427342516
16139,-36.340357062054835
16140,306.95132841857946
16141,-39.479285304526705
16142,231.43018323318256
16143,286.29530210407836
16144,303.0643171045721
16145,17.80792683320404
16146,79.30839957520959
16147,357.1169275201407
16148,427.05214316842347
16149,268.10400828621204
16150,333.53754494128555
16151,343.0654198244668
16152,208.362117697748
16153,429.93052252551115
16154,35.00363321709206
16155,354.63298371656975
16156,250.84906698442902
16157,9.657401091653384
16158,147.71720075934076
16159,136.50497608401201
16160,167.19777359720803
16161,-131.6312664250964
16162,167.57563998029838
16163,76.10786822339074
16164,99.41793313280547
16165,143.20251593563063
16166,344.99455000765033
16167,184.73374569728333
16168,25.190509394583756
16169,128.15966118100192
16170,395.7201219073068
16171,-90.75995278864374
16172,-92.47389722288341
16173,-91.23543775237809
16174,327.2802485066904
16175,-92.70023571063686
16176,73.52492607299024
16177,9.176909956326817
16178,369.4981648968906
16179,137.28048766418084
16180,77.01183402512541
16181,69.16109343906189
16182,387.5392846368475
16183,156.77534654735976
16184,375.47277527593513
16185,281.8794199296233
16186,-145.13090239275036
16187,71.35799050059683
16188,489.74586997805176
16189,494.69770242136394
16190,-115.08899668974809
16191,436.4043833951946
16192,229.4994999159809
16193,234.83816591667778
16194,234.34328731227058
16195,452.7941491332795
16196,272.5272257860933
16197,322.3721436741856
16198,-80.05679283006705
16199,-64.55247520677028
16200,367.43529648555597
16201,312.3640090632372
16202,33.8785324279643
16203,277.2827837428227
16204,123.49254063117746
16205,223.88706008338863
16206,447.6107651541664
16207,85.78585987607107
16208,335.40638638396354
16209,247.94376250433695
16210,-51.15831882697879
16211,115.89593174059925
16212,79.3695269623845
16213,447.6001422826692
16214,381.3917123796652
16215,333.33699851375803
16216,363.46558033694316
16217,208.62946477829706
16218,222.46851813054187
16219,444.9022366582072
16220,252.58965463150722
16221,21.832196592876755
16222,251.91124192346953
16223,218.26234730031996
16224,407.40476618182464
16225,269.04728333911504
16226,273.7785467050208
16227,287.66468322111893
16228,-93.67599565782331
16229,-26.846674829788437
16230,-53.95680920842885
16231,103.58540115311109
16232,113.87960057843355
16233,372.4259494886124
16234,60.26762359538734
16235,62.349377690435155
16236,157.75836906055278
16237,396.78674917826453
16238,237.76723194309076
16239,-84.02191189896485
16240,-125.20786571517007
16241,440.2537461114402
16242,194.1907332384004
16243,110.46054383129862
16244,278.71867166791463
16245,413.69779734669123
16246,195.64494917784648
16247,225.2005752699605
16248,10.712034948938232
16249,24.945441095333734
16250,-135.90894517004844
16251,193.12157566271674
16252,134.52712376072682
16253,161.96627444790775
16254,36.45229998381774
16255,-110.33070808140585
16256,-18.177027852487033
16257,209.71954843252323
16258,62.86909668148247
16259,493.4811108964544
16260,388.89218716991303
16261,174.3485767003909
16262,409.7449828736438
16263,275.0143239942651
16264,-33.89709108466661
16265,475.83395118839945
16266,252.10639617484512
16267,276.5732307173616
16268,350.2973763412346
16269,467.11789085764593
16270,466.48973932802693
16271,392.5139044533404
16272,244.77375050508508
16273,-53.146544030877955
16274,233.22067272710706
16275,137.49724385477415
16276,145.48676290931414
16277,373.654903929658
16278,294.88618127598727
16279,126.91774387937872
16280,402.93073186730214
16281,429.23835349431465
16282,212.48432531650482
16283,480.741259216719
16284,452.6135116756749
16285,193.4165604107774
16286,225.47624443778298
16287,274.2116884574889
16288,449.04694822594826
16289,97.43123301162134
16290,200.41361113884432
16291,23.569717308120083
16292,-4.418339324409171
16293,57.360650625365274
16294,190.04279825230014
16295,110.27016281150856
16296,326.35850203624676
16297,-47.03229777159864
16298,289.54021132480796
16299,254.50008463781043
16300,-41.49787320556171
16301,489.97191037612805
16302,-79.32381778334079
16303,357.2947478879848
16304,360.91362330851126
16305,1.323179816776566
16306,267.9161254486987
16307,383.98160058678707
16308,367.7024250302153
16309,182.16961040286037
16310,-101.561447937227
16311,408.80441360703537
16312,-42.270216252302504
16313,90.42156406537129
16314,-90.55185852774432
16315,85.97956707210307
16316,418.8281010505913
16317,114.5178941997136
16318,431.91150421678236
16319,166.72107218141664
16320,464.9285688597298
16321,-90.54013612914127
16322,330.20412335506666
16323,123.77569408218599
16324,361.2695804537129
16325,442.1284796638133
16326,113.31686820792603
16327,22.652499850922702
16328,18.06012349206867
16329,326.7417025781669
16330,-53.99051287877917
16331,317.26517019223695
16332,240.94950729011143
16333,-39.11915368554956
16334,445.39784074889616
16335,41.29743410311951
16336,19.091231892808437
16337,162.8173265314374
16338,21.982940252280308
16339,63.694243691127376
16340,255.6798808110531
16341,23.506265033003004
16342,-38.97725886376545
16343,-37.982945603506295
16344,83.2192249542461
16345,-63.78076975850213
16346,-124.41999336624164
16347,487.9077625151933
16348,11.175957600322064
16349,29.25456912324573
16350,39.993514213250585
16351,205.8728675121893
16352,254.6350338587155
16353,66.06056581086116
16354,104.31552413006062
16355,79.67730977294732
16356,315.4929991705493
16357,269.7375307542874
16358,-11.811214975168976
16359,393.51009829288665
16360,-41.1922282170804
16361,93.91995177509793
16362,138.48017305851258
16363,107.94220535951169
16364,-149.20118479940928
16365,148.63982762002476
16366,146.93995690195948
16367,398.3556585076772
16368,24.056412274109825
16369,-136.12450276502355
16370,45.200983639545605
16371,35.23191626786509
16372,352.87315106903065
16373,378.02205013403795
16374,-75.99090013712961
16375,329.35149902828056
16376,249.65370742449593
16377,48.55931678401011
16378,495.12815144575796
16379,269.1772713370019
16380,426.25350759368786
16381,362.5855015272834
16382,19.2404498801256
16383,165.0703830324216
16384,226.79778478915838
16385,252.02326499504485
16386,395.04352447375584
16387,426.10072145427534
16388,384.04390045955023
16389,261.808182962086
16390,15.716456973545764
16391,234.69803616899833
16392,363.7861703801017
16393,520.4116047028998
16394,468.58853788557263
16395,132.17841151079844
16396,493.45889430079154
16397,119.10598761219123
16398,-97.24175187252868
16399,111.25018341767114
16400,379.71928129099547
16401,-47.790965253331805
16402,3.3345407168417935
16403,-49.88112880162721
16404,-129.7830555556547
16405,403.87730343864763
16406,470.47691060007963
16407,-126.17630777956003
16408,-5.543395578108781
16409,-44.522411369507665
16410,472.6679613634295
16411,273.8812061413612
16412,343.04719841181935
16413,-111.83938063764239
16414,376.9323130963685
16415,11.149069375684498
16416,-159.6521251554575
16417,436.569437085487
16418,106.57926966641656
16419,135.700825154126
16420,302.34112038976593
16421,-35.66843711663617
16422,268.44985093961463
16423,176.71392984215368
16424,-113.40753433455714
16425,85.957207106981
16426,91.27106305309081
16427,132.91142376266689
16428,-33.656092676024635
16429,96.08347892552672
16430,296.06025523910887
16431,119.21403751169998
16432,-30.350603034840812
16433,69.33417753066166
16434,437.987369669714
16435,443.25419819679377
16436,67.89463862819849
16437,186.8025730694782
16438,-156.30136485493256
16439,146.9495462895127
16440,45.43345265046245
16441,6.5051409829011
16442,-114.57475583578025
16443,237.66678187419672
16444,461.5287520085153
16445,-21.936062057136347
16446,257.2445990909285
16447,-72.32446276855202
16448,286.9267411413397
16449,65.45112395365541
16450,361.23659946307663
16451,-52.02737054078945
16452,243.1793367057014
16453,211.33218547209407
16454,483.74482720662235
16455,244.17871908848613
16456,11.51607957014961
16457,331.2517616847093
16458,228.39286586565717
16459,249.35658012490242
16460,294.6137379194065
16461,299.7253978887095
16462,155.3714012523413
16463,404.6919618226505
16464,45.40924543446878
16465,418.51500776637016
16466,6.568589030205882
16467,333.5401547135731
16468,238.14616402502017
16469,450.11886598026024
16470,304.66541786810166
16471,521.0165235727042
16472,-43.283592107782596
16473,7.105025149003346
16474,20.673741981919342
16475,150.32324429351263
16476,10.231781756846079
16477,58.03130700323708
16478,-38.94425919778294
16479,194.94721272276757
16480,51.97902826567272
16481,493.3083073649534
16482,88.00180181452413
16483,517.8728025041763
16484,76.88815772334465
16485,499.06953840199407
16486,-45.074698383104675
16487,323.7576697548538
16488,88.99710435425496
16489,-116.42051553260893
16490,263.26425590477834
16491,154.05721514583013
16492,35.380162960011255
16493,360.6897476935358
16494,278.67435132915534
16495,212.34397115185044
16496,101.2045627500282
16497,88.81725994410195
16498,167.6383253158931
16499,-54.726688987277775
16500,-56.03517595903618
16501,187.15089714252767
16502,257.5063706398693
16503,289.2677733022447
16504,207.56088185872116
16505,421.0814662924547
16506,317.9704119113335
16507,518.3734422119787
16508,292.0900311864249
16509,457.91694216238284
16510,-36.62980780638281
16511,17.86927170481156
16512,-122.34947775384947
16513,-106.01510699377243
16514,343.490310100412
16515,487.73291086411757
16516,524.2245360081872
16517,70.06511187759676
16518,-37.529499531080646
16519,442.53578167031
16520,-75.3918778189412
16521,170.60688375151298
16522,299.3433765862351
16523,-118.73603854268413
16524,148.34334270525468
16525,435.1494075948208
16526,-13.125548714766031
16527,116.36401470492837
16528,206.15322230167078
16529,395.37169256623037
16530,6.320143715638601
16531,374.76626170628924
16532,417.5524902242224
16533,115.30474212585574
16534,125.95035592156344
16535,335.4511361276878
16536,34.1802464791498
16537,10.770162218195932
16538,333.22697869852425
16539,246.75280599992251
16540,-117.7101592506892
16541,418.9677409384073
16542,434.01132171223315
16543,6.238936961491373
16544,59.63826672896558
16545,27.756171346084656
16546,364.0854278354039
16547,471.51491620511007
16548,443.62359359630403
16549,187.73326969394205
16550,202.02895781538862
16551,461.0032266128072
16552,443.0612583428257
16553,391.27606742489786
16554,318.3194796797773
16555,-10.512704350852873
16556,297.4103779814571
16557,399.5758217494112
16558,213.64520003548563
16559,383.18658631933266
16560,-1.8994957625037365
16561,363.51312580749254
16562,-7.621281734479905
16563,31.023886400706317
16564,32.11528150755972
16565,122.53711122863123
16566,324.93578688607386
16567,312.56127895806355
16568,372.61550862990725
16569,397.43346503466387
16570,148.754665300655
16571,38.51282044887142
16572,-57.66181288031758
16573,475.9116986614506
16574,448.91485053565606
16575,-108.3801619696996
16576,-96.22623406347779
16577,498.51660417207404
16578,-108.79541216059667
16579,476.4961795003105
16580,-80.20357498128485
16581,-87.19454581999841
16582,168.12810118345757
16583,428.26720007255597
16584,13.329945003251243
16585,192.32076711484112
16586,197.30486663016816
16587,85.82100876303369
16588,111.3760432075614
16589,141.07557771668775
16590,46.95298442486192
16591,-25.325479501097842
16592,364.0776353227556
16593,451.86507810883637
16594,175.8331147235366
16595,220.3777548992998
16596,389.8496060813798
16597,134.19639832241685
16598,55.999068909535005
16599,-68.03942297635675
16600,439.86528018873673
16601,51.753051187756846
16602,424.71195737962574
16603,-30.514254107041914
16604,376.4967066592307
16605,22.232543519088864
16606,-113.56364435775279
16607,419.0787407879998
16608,-106.32550347116393
16609,-112.38350168218489
16610,-44.31910354778071
16611,163.59343226617221
16612,-74.73907202829426
16613,-86.15031091682619
16614,-44.29321098401266
16615,24.76842776712479
16616,107.7388660238075
16617,392.9912155131191
16618,427.5631960952908
16619,-77.5289960457844
16620,248.76618448667986
16621,-72.7055963295004
16622,11.03406317524686
16623,261.6545926234564
16624,-160.41591604761234
16625,452.3372066786557
16626,-81.80434780844726
16627,36.171820563609266
16628,-43.254558305727315
16629,13.02642003475199
16630,379.6600380964257
16631,55.87685387592983
16632,369.2682576063229
16633,-141.2229348556317
16634,302.7098619175234
16635,125.49481110320258
16636,175.3887626040379
16637,-34.53671568360534
16638,270.7587702521179
16639,-31.89783875776363
16640,286.1878661836335
16641,328.279762978778
16642,-3.104310390786903
16643,60.183307144051376
16644,310.9630698053737
16645,225.9182145142709
16646,229.75320957098887
16647,414.4793125741437
16648,24.41216741141971
16649,490.01085988541735
16650,374.8969173296868
16651,463.38508098409255
16652,361.67457883417984
16653,336.38593362747025
16654,293.16472781003085
16655,273.6941827722085
16656,69.14491974596814
16657,213.39886658155044
16658,-103.69232311606356
16659,448.9611955112355
16660,103.1524119681022
16661,164.88586494681843
16662,76.34178609597507
16663,25.568059590422912
16664,-59.013791715807876
16665,345.2814014635124
16666,87.29632491298284
16667,-66.94215765412656
16668,-5.307018838894562
16669,61.50534118790693
16670,444.7007934782082
16671,424.46693221574003
16672,327.40421734602626
16673,212.95269137972102
16674,475.45957457661973
16675,513.346316866498
16676,-150.66267188835653
16677,39.882003135307315
16678,160.27230215317857
16679,69.93396048570244
16680,287.7449152890674
16681,192.19429725804733
16682,331.31206048196964
16683,74.97733273512262
16684,239.96431924318958
16685,333.11483744877205
16686,308.65955708311617
16687,63.96211603665717
16688,-25.316549338228583
16689,129.7094595384849
16690,334.4254794575257
16691,467.04960363289166
16692,-99.90617243934756
16693,299.81771073259046
16694,426.92883407519486
16695,262.54308173073537
16696,204.91306057893843
16697,218.58760526508374
16698,432.2829843671895
16699,493.02885034539975
16700,103.00463318101814
16701,80.91630377626907
16702,428.0083370124371
16703,321.7435630873019
16704,-22.04899451331994
16705,425.8473403545052
16706,122.948292444169
16707,303.44174931549287
16708,301.34769588390833
16709,126.82315875912133
16710,46.97230008605724
16711,448.8319662052417
16712,4.903642494174413
16713,491.66456018178474
16714,239.37708594931948
16715,386.2093830605855
16716,380.5665655250141
16717,301.36193710691464
16718,307.358148177431
16719,142.67608406237795
16720,113.71855018770626
16721,322.36161558891973
16722,326.5347711182492
16723,239.25492549622402
16724,422.3387463936479
16725,224.1878235970861
16726,419.80995745214835
16727,63.66260434458284
16728,361.20489335912305
16729,220.71361871551986
16730,158.99344651029804
16731,369.40496920138514
16732,320.89604597152413
16733,498.9034488051744
16734,372.7400923120893
16735,-66.61090005859285
16736,363.67328758364204
16737,371.92333607144855
16738,84.35388804164634
16739,75.28018401064637
16740,391.25509437741596
16741,277.13163989564356
16742,-30.932980681476316
16743,290.15546091705534
16744,332.30541436416803
16745,-65.65555965965507
16746,478.8909838022248
16747,197.66484175685173
16748,1.4520833475895536
16749,118.17263569129508
16750,-139.06189996075122
16751,125.940293862911
16752,26.835264076620717
16753,257.1360182793531
16754,-51.83890709872627
16755,-47.10673385543764
16756,359.7457068532633
16757,113.71370728076806
16758,127.11739372811445
16759,58.821338359913135
16760,458.6471830462942
16761,201.44502775236708
16762,153.53145510134047
16763,-87.58435996444783
16764,11.982605529591641
16765,360.7224149906543
16766,501.12952567433905
16767,449.3582165427875
16768,-13.762960724589082
16769,-66.76817063045746
16770,317.49586869015064
16771,106.73969826267665
16772,320.94154155081736
16773,78.06323067767323
16774,52.939334755351446
16775,66.45941489955337
16776,389.9446193885638
16777,67.23087617782338
16778,254.79061488518207
16779,355.59315264608983
16780,274.0558193939943
16781,89.746334428012
16782,253.13070624668993
16783,276.57225636936107
16784,476.57432063322614
16785,-79.77094378808525
16786,182.91162261830496
16787,496.9180303051095
16788,307.1380639470021
16789,-81.26611395038654
16790,-17.35108427025984
16791,220.67532229923088
16792,-91.56826756851083
16793,493.3781077995205
16794,139.48312045568187
16795,273.25115392697126
16796,-66.405359235355
16797,148.59095688634665
16798,212.02834039165853
16799,6.212223082209455
16800,-95.21124130898377
16801,235.96259451039967
16802,304.9909468130097
16803,131.49331546939788
16804,466.6832707793247
16805,135.22194473768516
16806,3.8513295992257497
16807,-9.238584320676296
16808,195.69585540752823
16809,372.7435217125609
16810,449.1547851762869
16811,-27.196387135594023
16812,19.677746639398627
16813,82.34430660075583
16814,65.12700283487848
16815,38.31720095390202
16816,-129.41575619594278
16817,268.77767908510884
16818,-104.19889531944636
16819,-63.31962562720496
16820,458.89294723045276
16821,-19.537420562746917
16822,262.4132204668075
16823,-124.51205727510538
16824,308.9196872441117
16825,221.80982155073985
16826,-7.031478607092828
16827,176.5105805105483
16828,317.15254411328203
16829,177.5239150101917
16830,131.57789365664956
16831,21.310810364763164
16832,58.899076815029154
16833,426.8111113461822
16834,150.24074638827165
16835,376.9357822866909
16836,224.50666707803515
16837,244.2855035306894
16838,74.75487645298708
16839,487.21736141072074
16840,444.2689840226712
16841,293.87997330818916
16842,488.8374176889324
16843,351.0116184029241
16844,-53.16627106563998
16845,-121.35346711276262
16846,104.59201622936095
16847,477.7939485973643
16848,326.50373229522535
16849,500.60809693942423
16850,215.51736215425396
16851,57.74842989958622
16852,137.8659051082313
16853,377.7848779069943
16854,294.56391559303466
16855,86.31109222582643
16856,183.19295786309968
16857,5.970390024305949
16858,135.534682844153
16859,154.78629701600875
16860,0.43349471511135285
16861,336.89919268569776
16862,-78.62018048882527
16863,305.82418351780615
16864,248.62745251193408
16865,103.53937193160647
16866,-6.214893861691263
16867,536.1137812166595
16868,259.9280681405864
16869,229.21946593051226
16870,285.97690034880793
16871,406.22742525809696
16872,299.7656160907533
16873,457.3757106919394
16874,318.7085558823925
16875,271.41089092918463
16876,338.1875077020842
16877,303.3663749182789
16878,107.81553268727677
16879,141.2383338489362
16880,140.49391682920714
16881,13.930443453357821
16882,361.1070474195373
16883,254.35371894217317
16884,-67.7981590840397
16885,518.1764754981252
16886,-76.6961259962786
16887,435.31660076035405
16888,370.3760738397639
16889,138.15882579566468
16890,-7.638109912617372
16891,191.59939334037963
16892,251.19107783062347
16893,53.450217480790876
16894,1.2413326210536209
16895,302.1034641710411
16896,475.4288696714432
16897,365.6125185370306
16898,16.519391414148412
16899,68.43349235735789
16900,56.42651815206195
16901,-164.64954075888477
16902,439.5148298249038
16903,-39.66781539099621
16904,184.81327034954538
16905,314.0807176428095
16906,452.8799138324778
16907,111.69413286098077
16908,505.4715507931082
16909,268.97471928289673
16910,19.105236830421426
16911,-49.832656345871264
16912,440.08420868085847
16913,-87.31868506349
16914,26.86840338380709
16915,433.1340884378809
16916,160.21908466272512
16917,502.4773875318104
16918,495.0008865034911
16919,522.6939618808067
16920,279.74420914612796
16921,426.7946869174382
16922,79.29958757461037
16923,237.64348525478576
16924,41.70221883811878
16925,157.0934408369501
16926,168.20382873340048
16927,-124.97284480923173
16928,60.060374864616456
16929,-118.06213131047238
16930,261.6882206470966
16931,162.68912029077828
16932,164.2664720433065
16933,531.9938878551154
16934,245.0228595066171
16935,-2.7686183079668325
16936,469.6882753244258
16937,-27.84216029762406
16938,430.8145527438828
16939,-83.44838530953481
16940,421.22811481502754
16941,32.3556780621461
16942,117.99391295469076
16943,49.54297510600205
16944,460.68548696370794
16945,220.04885568084723
16946,254.02018619152753
16947,276.2853732972721
16948,-93.88815640940666
16949,-70.57084644589213
16950,12.56401160322487
16951,408.93634185467073
16952,325.3948422350378
16953,148.69313813160466
16954,8.003316674108156
16955,399.8791185214707
16956,-4.255523080337861
16957,-108.7449425894603
16958,115.28941959155802
16959,135.32323868443405
16960,225.6261879917967
16961,9.829601296584073
16962,289.08855572588317
16963,210.2134388076745
16964,-91.92066369628779
16965,119.0367680309839
16966,334.423032296057
16967,-90.14471439598296
16968,420.8504571612461
16969,31.946065296635616
16970,167.6554939787772
16971,354.1378039097759
16972,418.913375790731
16973,250.1652714140379
16974,-40.565463643879504
16975,-73.31180169315633
16976,354.93451135784767
16977,361.8079316865037
16978,334.65710589358184
16979,460.2023466799235
16980,477.0064360603243
16981,415.91269660594526
16982,314.13087554972117
16983,311.36529348416195
16984,48.346799223312274
16985,-48.803466869249725
16986,-15.58392713472655
16987,175.3024891484428
16988,-22.973195587141973
16989,456.30017479519006
16990,421.4734652529351
16991,127.94374687118119
16992,-82.72939698952263
16993,15.707732305377327
16994,205.15399429656517
16995,66.61895524121368
16996,-16.56997442012545
16997,340.65074224495777
16998,488.8821702165151
16999,114.28685389959085
17000,359.0748148898241
17001,-61.080011330300245
17002,163.1908783429625
17003,498.1682370978955
17004,132.5434817908778
17005,431.73003961954646
17006,-71.94217656701444
17007,539.810997674862
17008,301.3464981287291
17009,99.87873663507273
17010,455.71512872888036
17011,344.57519042397126
17012,299.37691143872087
17013,112.75650143538627
17014,257.2428071691609
17015,225.72232926069847
17016,-60.099683419758385
17017,361.97278752847967
17018,-81.14046303261574
17019,184.64561282914053
17020,-18.981552849602316
17021,267.0940409737668
17022,285.9613665569494
17023,-131.5820816557549
17024,353.2822244733808
17025,430.52991732477557
17026,417.75916377215293
17027,77.66935062355932
17028,339.6599957464372
17029,7.302366977803917
17030,91.94718686281544
17031,18.440658110375484
17032,126.48480386457379
17033,59.99390378318885
17034,113.43778289055527
17035,-148.34999678206586
17036,-77.6896781372545
17037,158.41161035243528
17038,376.69057897270346
17039,-143.37745019764174
17040,446.53027558541174
17041,-128.05521200414202
17042,457.7325078754733
17043,141.58426115039813
17044,442.0691421264803
17045,196.55322923418322
17046,24.478369868542984
17047,518.7430795281314
17048,7.767270912629847
17049,28.89764410090183
17050,-73.13252464977504
17051,278.01210812085213
17052,224.44891297905863
17053,283.9353669836997
17054,163.12370936767235
17055,246.96598712260882
17056,-112.30217565120597
17057,200.4194261855735
17058,49.97992250227938
17059,2.7745705378911136
17060,117.99477218613319
17061,-111.37832246487389
17062,388.46633830868336
17063,165.44794134448782
17064,445.1103570782022
17065,169.64402445154025
17066,259.117498577728
17067,-35.02389208918927
17068,130.7524572723259
17069,250.3976014821968
17070,476.64070026646436
17071,231.57630522938638
17072,281.26689079618154
17073,262.5038030052073
17074,335.5994242951764
17075,23.465081704861
17076,-69.83245958577464
17077,272.32705764618754
17078,212.25454596372887
17079,371.8530337687819
17080,302.90781216158865
17081,21.840107647244217
17082,168.18899331459906
17083,133.49781812552047
17084,160.96739302292636
17085,485.02670535146683
17086,-15.52438283544597
17087,255.30206365885803
17088,269.6943321896214
17089,428.713904954751
17090,184.9414381204982
17091,180.40334048352432
17092,11.58155259152181
17093,408.33347578459495
17094,210.11039565340894
17095,95.7509868868365
17096,110.69405289941858
17097,368.47495988813534
17098,502.6860253803546
17099,272.8435172876072
17100,177.28198136106562
17101,-69.45161793182254
17102,337.11337058582154
17103,198.27576030213442
17104,-38.35526971583113
17105,247.57812159958067
17106,508.3756576238573
17107,5.9365994957413335
17108,482.4753608905051
17109,368.566244287841
17110,-1.2657764104475984
17111,135.8162817700789
17112,10.273543304547982
17113,446.8821780604635
17114,-76.13896377396334
17115,45.17058954795861
17116,507.8300439350748
17117,375.69847630002164
17118,-5.632360942415473
17119,42.02115689624298
17120,369.3832474266171
17121,188.86374939663708
17122,-2.110219482065773
17123,175.6079085388188
17124,241.44307287545968
17125,119.96088189418379
17126,243.09820963439213
17127,316.4588849619209
17128,281.0471152410547
17129,413.8908724367127
17130,-30.882347748154952
17131,-36.00761900489664
17132,352.02448918828117
17133,183.4274518004825
17134,372.8520479239126
17135,483.0397890589083
17136,528.0986026009953
17137,480.9085879918972
17138,-87.65898023629964
17139,226.6021610171706
17140,403.34603556636
17141,-76.22766291881643
17142,-23.025929682790014
17143,-25.524121819188828
17144,-110.29001272988953
17145,287.9193912181036
17146,50.25039332436306
17147,283.9264418776407
17148,468.9052331388306
17149,49.78029685753079
17150,261.07191660081355
17151,-65.15245869387188
17152,-92.34487079258085
17153,424.4156042086287
17154,201.96564370332217
17155,71.66588592637532
17156,102.33241727181831
17157,162.46121778033992
17158,166.57442071916435
17159,318.69744906024073
17160,485.95099505801664
17161,346.1105739756617
17162,428.73078485783986
17163,385.1436129646284
17164,51.834518414308526
17165,370.7258951952709
17166,99.92390947627464
17167,413.29213032491947
17168,346.15647168972566
17169,448.0949765900128
17170,458.7406408344587
17171,488.0565358959179
17172,21.679756173424906
17173,233.52484702118306
17174,-21.76138082844335
17175,280.6723548508845
17176,-13.349652629146822
17177,-72.27960604324083
17178,59.4743035990926
17179,385.8181316653904
17180,292.8652547352847
17181,170.88543998968578
17182,-49.82711647015367
17183,62.478749450058125
17184,464.44875761498014
17185,329.58386337745736
17186,69.68600733255155
17187,113.28634385858396
17188,30.130724597502244
17189,492.17659248193513
17190,161.93573333795112
17191,129.0323929793131
17192,169.99849355785128
17193,377.20203166603795
17194,424.214289993927
17195,240.24093934602786
17196,67.21915700051977
17197,170.06526008618565
17198,307.2437242474253
17199,80.63897387352847
17200,344.48983566485595
17201,-60.26449840037344
17202,162.9840600378036
17203,339.31899421672654
17204,411.2193819304748
17205,-99.49089090437192
17206,-55.14637951071895
17207,-123.21283090836846
17208,164.31423574100236
17209,194.21150436205141
17210,314.0808541125478
17211,222.5480047910114
17212,-48.69659087747265
17213,14.955125650382634
17214,220.81455571537552
17215,266.87996708112814
17216,499.4650136992127
17217,384.30969913253176
17218,312.2222947341192
17219,22.794046628462553
17220,516.9082681617425
17221,37.4664167529597
17222,-71.87691662681215
17223,285.70814576184296
17224,-61.15172751052086
17225,124.36819339533113
17226,76.62877209589303
17227,-87.5750041789081
17228,366.074265139647
17229,338.8916276927585
17230,81.7813002184194
17231,381.3520036312659
17232,406.16747460005524
17233,233.89173695817382
17234,-134.5361486688447
17235,100.7309292352758
17236,-15.235639685051193
17237,246.2219882203627
17238,64.84539690743514
17239,-17.515157586316583
17240,299.35338904839386
17241,452.7257659170228
17242,109.11267778345209
17243,372.96312784506074
17244,15.82993740330425
17245,-68.49185652536701
17246,240.76859286717644
17247,426.7132022390708
17248,374.58974069687116
17249,478.10556050859714
17250,556.6835805533426
17251,184.30239759744592
17252,336.8015184605321
17253,374.81399282928857
17254,-69.63352498174422
17255,230.37193762942178
17256,36.48310351649672
17257,73.42857214179065
17258,-62.53020723057518
17259,433.01351749340006
17260,197.21105229846438
17261,248.4916505180755
17262,402.6455110794389
17263,161.1502319905105
17264,454.9670415510912
17265,336.77800532541073
17266,304.2571986350234
17267,-1.5698578391739133
17268,420.2710812952651
17269,-39.84401780489506
17270,85.76315922167439
17271,223.04227892997304
17272,-89.78231349641948
17273,68.8497661129629
17274,223.5353837588014
17275,415.7435794972065
17276,44.61622527125478
17277,337.49234553635
17278,352.34589607364813
17279,-9.123525508976908
17280,460.6201668790549
17281,323.017771649275
17282,475.60734512907516
17283,358.8212662723011
17284,355.26774640870224
17285,-91.63726223373138
17286,6.354229765871455
17287,168.81287932112048
17288,283.34477076527435
17289,509.8301968588302
17290,424.85100624117393
17291,-61.70764323104026
17292,9.19269495018439
17293,373.29683855081964
17294,182.18949330639046
17295,524.4743345797958
17296,433.9700667867885
17297,164.9700046909774
17298,419.92620399708477
17299,21.346646903590546
17300,309.1213904084846
17301,190.1420045515769
17302,415.7739305797307
17303,67.82796111009515
17304,483.2395494401138
17305,157.64269120752473
17306,473.66640047703834
17307,11.76535026906415
17308,55.3866233110735
17309,486.1746800237685
17310,384.09230550550666
17311,1.5305550979494154
17312,71.08238835167438
17313,392.20485354724286
17314,-43.5854412168489
17315,381.50641397408134
17316,113.37016221596863
17317,98.51625090922604
17318,146.0294491739318
17319,463.6693798574042
17320,440.58348680923433
17321,45.43255331873162
17322,165.89805259596932
17323,290.58402364665795
17324,27.680209041847846
17325,369.7065464572656
17326,-90.9169793351225
17327,326.965862797893
17328,303.5052912709648
17329,521.439939351877
17330,-2.7441072483523676
17331,383.92489135237827
17332,198.00078289167118
17333,51.7949646773636
17334,30.20754931965987
17335,248.9346836822901
17336,-27.908230694872298
17337,314.290007860278
17338,86.95942659032136
17339,63.57852005475791
17340,138.18723893162752
17341,365.5014207633151
17342,161.91928488228695
17343,98.69918977959583
17344,370.4661097936852
17345,238.9055838016717
17346,465.97401948183216
17347,187.70693281931554
17348,182.66965115803296
17349,-145.0929827420076
17350,309.3659016247811
17351,275.79339799263334
17352,11.273069518736477
17353,388.91053363243105
17354,463.1258972183464
17355,360.8123535395316
17356,275.853766647769
17357,23.03639758974179
17358,56.20874556541356
17359,171.04233326848157
17360,-97.43122747764738
17361,530.519543489869
17362,309.1577392372373
17363,-124.24720501421606
17364,272.5266746636149
17365,-45.4624653069797
17366,302.64505593499854
17367,153.37237911614426
17368,189.03357056741223
17369,450.42559867903293
17370,423.8631085385329
17371,66.70538792437762
17372,-101.31699323393292
17373,-5.251735268582818
17374,484.06264539488797
17375,11.287024501143986
17376,303.6637993842147
17377,-10.670474871081082
17378,439.33554536113536
17379,294.0595420995495
